avocado,chutney,soup,energy drink,
red wine,oil,white wine,energy drink,
energy drink,,,,
salmon,vegetables mix,,,
burgers,cottage cheese,,,
milk,,,,
frozen smoothie,cottage cheese,ham,pasta,cooking oil
energy drink,turkey,,,
french fries,body spray,,,
pet food,champagne,,,
whole wheat rice,,,,
whole wheat pasta,,,,
oil,turkey,tomatoes,,
cookies,,,,
french fries,shallot,shrimp,spaghetti,energy bar
french fries,pancakes,soup,tomatoes,frozen smoothie
spaghetti,vegetables mix,fresh tuna,shampoo,avocado
body spray,tomatoes,cooking oil,burgers,
protein bar,,,,
energy bar,green tea,black tea,grated cheese,
extra dark chocolate,cottage cheese,chicken,salmon,
ham,green grapes,green tea,tomatoes,
energy drink,salmon,,,
extra dark chocolate,french fries,shrimp,,
frozen smoothie,,,,
whole wheat rice,,,,
whole wheat pasta,grated cheese,protein bar,chocolate,
cottage cheese,milk,,,
body spray,pepper,grated cheese,,
chocolate,,,,
pet food,,,,
chicken,salmon,vegetables mix,,
frozen smoothie,green grapes,french fries,whole wheat pasta,chicken
chicken,cottage cheese,turkey,shrimp,shallot
pepper,turkey,cookies,,
milk,,,,
burgers,spaghetti,,,
whole wheat pasta,spaghetti,pancakes,chutney,
vegetables mix,,,,
black tea,low fat yogurt,,,
frozen smoothie,oil,avocado,black tea,
protein bar,toothpaste,spaghetti,,
cooking oil,,,,
vegetables mix,avocado,,,
green grapes,energy drink,energy bar,,
white wine,burgers,,,
pasta,,,,
grated cheese,body spray,shallot,,
black tea,tomatoes,,,
chutney,salmon,oil,,
extra dark chocolate,black tea,whole wheat pasta,turkey,
whole wheat rice,chutney,chicken,,
low fat yogurt,,,,
turkey,light cream,red wine,tomatoes,milk
avocado,protein bar,oil,low fat yogurt,energy bar
turkey,,,,
body spray,chicken,champagne,,
cooking oil,chicken,,,
cooking oil,,,,
extra dark chocolate,french fries,vegetables mix,,
salmon,french fries,ham,,
turkey,,,,
pasta,frozen smoothie,cottage cheese,cooking oil,
chocolate,eggs,,,
red wine,,,,
spaghetti,,,,
grated cheese,,,,
extra dark chocolate,low fat yogurt,avocado,whole wheat rice,
oil,pepper,,,
burgers,,,,
pepper,tomatoes,,,
milk,,,,
vegetables mix,salmon,oil,shampoo,cottage cheese
avocado,,,,
eggs,whole wheat pasta,shampoo,avocado,body spray
eggs,toothpaste,shampoo,green grapes,pet food
extra dark chocolate,spaghetti,vegetables mix,grated cheese,
eggs,cottage cheese,ham,salmon,
cookies,oil,fresh tuna,energy drink,
vegetables mix,pepper,red wine,energy bar,light cream
oil,energy drink,,,
fresh tuna,energy bar,,,
pepper,energy drink,extra dark chocolate,cottage cheese,
french fries,chocolate,fresh tuna,,
chutney,cookies,black tea,,
pepper,,,,
cottage cheese,mineral water,,,
shallot,white wine,,,
french fries,,,,
champagne,shallot,french fries,extra dark chocolate,
protein bar,champagne,light cream,,
chocolate,,,,
oil,shampoo,protein bar,,
shallot,,,,
fresh tuna,soup,cookies,,
chutney,grated cheese,avocado,salmon,tomatoes
oil,pepper,,,
white wine,frozen smoothie,,,
grated cheese,burgers,pasta,avocado,
vegetables mix,shallot,,,
energy drink,whole wheat pasta,light cream,,
grated cheese,,,,
tomatoes,milk,white wine,soup,
soup,grated cheese,cooking oil,frozen vegetables,green tea
burgers,red wine,champagne,,
french fries,body spray,protein bar,,
pasta,avocado,shallot,green tea,
white wine,eggs,energy bar,cottage cheese,green grapes
low fat yogurt,,,,
black tea,,,,
black tea,eggs,pancakes,extra dark chocolate,whole wheat pasta
shampoo,energy bar,red wine,,
fresh tuna,,,,
salmon,,,,
shrimp,white wine,energy drink,,
white wine,chicken,pet food,red wine,green tea
frozen smoothie,milk,toothpaste,green grapes,low fat yogurt
mineral water,grated cheese,ham,red wine,
red wine,french fries,,,
eggs,fresh tuna,protein bar,toothpaste,shrimp
pancakes,shrimp,,,
shrimp,,,,
black tea,whole wheat pasta,shallot,,
cooking oil,pancakes,,,
black tea,cookies,chocolate,oil,
pancakes,burgers,,,
light cream,green tea,grated cheese,,
grated cheese,light cream,ham,red wine,frozen vegetables
champagne,,,,
chicken,fresh tuna,body spray,frozen smoothie,whole wheat pasta
french fries,pepper,toothpaste,light cream,cottage cheese
cooking oil,light cream,pepper,low fat yogurt,
avocado,protein bar,salmon,milk,
light cream,ham,cookies,,
turkey,whole wheat pasta,pepper,chutney,
french fries,,,,
whole wheat pasta,black tea,champagne,,
cottage cheese,light cream,energy bar,,
oil,frozen smoothie,eggs,milk,soup
energy drink,protein bar,,,
cooking oil,,,,
whole wheat rice,,,,
french fries,fresh tuna,cooking oil,,
eggs,tomatoes,burgers,shampoo,protein bar
mineral water,salmon,,,
red wine,cottage cheese,oil,fresh tuna,
whole wheat pasta,extra dark chocolate,mineral water,,
soup,oil,vegetables mix,tomatoes,
vegetables mix,,,,
body spray,whole wheat rice,shampoo,mineral water,
shampoo,,,,
extra dark chocolate,,,,
black tea,body spray,low fat yogurt,,
pancakes,mineral water,whole wheat pasta,,
whole wheat pasta,grated cheese,frozen smoothie,mineral water,
soup,shrimp,chicken,,
pepper,,,,
pepper,frozen vegetables,grated cheese,shallot,
milk,,,,
ham,chocolate,,,
extra dark chocolate,chocolate,,,
turkey,,,,
ham,low fat yogurt,,,
black tea,toothpaste,shrimp,milk,frozen vegetables
protein bar,pancakes,,,
avocado,protein bar,cooking oil,energy bar,green grapes
pasta,whole wheat pasta,,,
light cream,pancakes,turkey,extra dark chocolate,mineral water
cottage cheese,,,,
soup,french fries,oil,,
french fries,grated cheese,light cream,pepper,
pancakes,pepper,burgers,cookies,
shrimp,champagne,cottage cheese,,
burgers,light cream,pet food,,
toothpaste,spaghetti,whole wheat pasta,fresh tuna,milk
salmon,red wine,whole wheat pasta,avocado,pasta
avocado,eggs,soup,,
white wine,energy bar,cookies,mineral water,
shampoo,frozen smoothie,light cream,,
pancakes,soup,protein bar,,
cookies,shampoo,body spray,soup,eggs
frozen smoothie,mineral water,pepper,pancakes,soup
milk,burgers,,,
spaghetti,pet food,extra dark chocolate,white wine,
toothpaste,fresh tuna,extra dark chocolate,energy bar,ham
pepper,,,,
energy drink,vegetables mix,tomatoes,green tea,
protein bar,,,,
soup,shallot,pancakes,grated cheese,pasta
extra dark chocolate,chutney,mineral water,turkey,chocolate
protein bar,,,,
extra dark chocolate,toothpaste,,,
oil,cooking oil,frozen vegetables,pasta,ham
extra dark chocolate,energy bar,protein bar,tomatoes,
body spray,ham,whole wheat pasta,energy drink,pasta
avocado,cooking oil,shallot,green tea,
pancakes,grated cheese,pet food,red wine,energy bar
pet food,,,,
red wine,avocado,milk,shallot,burgers
cookies,pancakes,shrimp,black tea,turkey
ham,tomatoes,,,
protein bar,body spray,shampoo,,
black tea,whole wheat pasta,chocolate,mineral water,grated cheese
white wine,tomatoes,champagne,,
spaghetti,,,,
cooking oil,green tea,toothpaste,,
energy drink,shrimp,milk,mineral water,
grated cheese,champagne,cooking oil,,
champagne,vegetables mix,,,
pasta,grated cheese,,,
chocolate,energy drink,cooking oil,body spray,light cream
pet food,,,,
milk,red wine,vegetables mix,pasta,frozen smoothie
pet food,,,,
frozen vegetables,cooking oil,green tea,,
turkey,salmon,shampoo,,
champagne,burgers,,,
salmon,,,,
white wine,frozen smoothie,red wine,tomatoes,turkey
frozen vegetables,tomatoes,milk,shampoo,eggs
energy drink,pepper,,,
pancakes,cookies,,,
chocolate,low fat yogurt,,,
whole wheat pasta,white wine,,,
low fat yogurt,,,,
pancakes,,,,
whole wheat pasta,,,,
tomatoes,avocado,chocolate,oil,mineral water
french fries,energy bar,body spray,vegetables mix,milk
white wine,champagne,chicken,green tea,chutney
frozen smoothie,,,,
burgers,,,,
frozen smoothie,,,,
eggs,red wine,vegetables mix,body spray,light cream
green tea,frozen vegetables,,,
milk,,,,
ham,black tea,energy bar,cooking oil,red wine
chicken,salmon,,,
pancakes,tomatoes,frozen smoothie,,
soup,white wine,tomatoes,,
body spray,white wine,spaghetti,mineral water,french fries
shallot,toothpaste,burgers,energy bar,
shallot,oil,green grapes,light cream,
tomatoes,burgers,cookies,french fries,green tea
french fries,,,,
green tea,cookies,mineral water,black tea,energy bar
cookies,light cream,spaghetti,fresh tuna,pasta
burgers,,,,
frozen vegetables,milk,burgers,black tea,
burgers,,,,
pancakes,tomatoes,green tea,,
champagne,oil,cooking oil,,
red wine,shrimp,ham,pasta,grated cheese
cottage cheese,cooking oil,black tea,mineral water,eggs
whole wheat rice,shallot,,,
turkey,vegetables mix,whole wheat rice,whole wheat pasta,
protein bar,cooking oil,soup,green tea,eggs
shallot,frozen smoothie,,,
vegetables mix,,,,
vegetables mix,pet food,,,
red wine,chutney,,,
grated cheese,green tea,,,
protein bar,pet food,,,
white wine,,,,
chutney,energy bar,,,
fresh tuna,cooking oil,shrimp,,
pepper,shallot,french fries,salmon,
whole wheat pasta,shrimp,,,
shallot,whole wheat pasta,green grapes,tomatoes,eggs
avocado,extra dark chocolate,,,
energy drink,,,,
ham,black tea,white wine,light cream,shampoo
black tea,shrimp,,,
frozen smoothie,chocolate,protein bar,,
fresh tuna,protein bar,toothpaste,frozen smoothie,burgers
chicken,turkey,cottage cheese,chutney,
oil,shrimp,low fat yogurt,,
champagne,,,,
pepper,tomatoes,black tea,turkey,pet food
avocado,chocolate,whole wheat rice,milk,
pepper,whole wheat pasta,,,
pet food,energy bar,shallot,pepper,fresh tuna
low fat yogurt,soup,shampoo,pet food,oil
extra dark chocolate,,,,
oil,chicken,eggs,mineral water,milk
shampoo,,,,
pet food,pasta,green grapes,,
grated cheese,toothpaste,cooking oil,chicken,
energy drink,oil,,,
fresh tuna,extra dark chocolate,chutney,grated cheese,cooking oil
body spray,,,,
shampoo,oil,body spray,chicken,
cooking oil,black tea,,,
pancakes,shrimp,black tea,green grapes,white wine
shrimp,grated cheese,green tea,,
burgers,shallot,whole wheat pasta,mineral water,
energy bar,,,,
cookies,,,,
grated cheese,burgers,cookies,,
chicken,toothpaste,low fat yogurt,burgers,
